Misc,patientID,variantID,cluster,is.driver,is.clonal,CCF
CRUK0001:17:29483072:C,CRUK0001,NF1,1,TRUE,FALSE,R1:0.86;R2:0;R3:0
CRUK0001:19:47440656:G,CRUK0001,ARHGAP35,2,TRUE,FALSE,R1:0.19;R2:0;R3:0.95
CRUK0001:17:7577099:C,CRUK0001,TP53,3,TRUE,TRUE,R1:0.99;R2:0.99;R3:1
CRUK0001:15:42019435:T,CRUK0001,MGA,3,TRUE,TRUE,R1:0.99;R2:0.99;R3:1
CRUK0001:8:31014903:G,CRUK0001,WRN,3,TRUE,TRUE,R1:0.97;R2:0.98;R3:0.99
Annotated CN: amp(EGFR),CRUK0001,EGFR,3,TRUE,TRUE,R1:0.99;R2:0.99;R3:1
CRUK0001:2:242078113:C,CRUK0001,PASK,5,TRUE,FALSE,R1:0.82;R2:0;R3:0.71
CRUK0002:13:48881488:C,CRUK0002,RB1,1,TRUE,FALSE,R1:0;R2:0.92;R3:0
CRUK0002:7:50459535:A,CRUK0002,IKZF1,1,TRUE,FALSE,R1:0;R2:0.92;R3:0
Annotated CN: amp(KRAS),CRUK0002,KRAS,1,TRUE,FALSE,R1:0;R2:0.93;R3:0
CRUK0002:7:116412044:G,CRUK0002,MET,2,TRUE,TRUE,R1:0.99;R2:0.98;R3:0.99
Annotated CN: amp(TERT),CRUK0002,TERT,2,TRUE,TRUE,R1:0.99;R2:0.98;R3:0.99
CRUK0002:17:29664428:C,CRUK0002,NF1,5,TRUE,FALSE,R1:0.78;R2:0;R3:0
CRUK0002:22:41566508:G,CRUK0002,EP300,6,TRUE,FALSE,R1:0.96;R2:0.03;R3:0.98
CRUK0003:3:178936094:C,CRUK0003,PIK3CA,1,TRUE,TRUE,R1:0.98;R2:0.97;R3:0.87;R6:0.99;R4:0.97
CRUK0003:7:55242464:A,CRUK0003,EGFR,1,TRUE,TRUE,R1:0.98;R2:0.97;R3:0.87;R6:0.99;R4:0.97
Annotated CN: del(CDKN2A),CRUK0003,CDKN2A,1,TRUE,TRUE,R1:0.98;R2:0.97;R3:0.87;R6:0.99;R4:0.97
CRUK0003:3:41266098:A,CRUK0003,CTNNB1,4,TRUE,FALSE,R1:0;R2:0;R3:0.49;R6:0.01;R4:0
CRUK0004:18:48604750:G,CRUK0004,SMAD4,1,TRUE,FALSE,R1:0;R2:0;R3:0.95;R4:0.01
CRUK0004:9:139400260:C,CRUK0004,NOTCH1,1,TRUE,FALSE,R1:0;R2:0;R3:0.95;R4:0.01
CRUK0004:17:7579485:C,CRUK0004,TP53,2,TRUE,TRUE,R1:0.99;R2:0.99;R3:0.99;R4:0.98
CRUK0004:7:55241708:G,CRUK0004,EGFR,2,TRUE,TRUE,R1:0.99;R2:0.98;R3:0.99;R4:0.98
CRUK0005:1:115256530:G,CRUK0005,NRAS,1,TRUE,FALSE,R1:0;R2:0;R3:0.8;R4:0
CRUK0005:16:71318284:C,CRUK0005,CMTR2,2,TRUE,TRUE,R1:1;R2:1;R3:0.97;R4:1
CRUK0005:17:7578194:-,CRUK0005,TP53,2,TRUE,TRUE,R1:1;R2:1;R3:0.97;R4:1
CRUK0005:7:140481411:C,CRUK0005,BRAF,2,TRUE,TRUE,R1:1;R2:1;R3:0.96;R4:1
CRUK0005:2:242076663:C,CRUK0005,PASK,2,TRUE,TRUE,R1:0.99;R2:0.99;R3:0.91;R4:0.99
Annotated CN: amp(TERT),CRUK0005,TERT,2,TRUE,TRUE,R1:1;R2:1;R3:0.97;R4:1
CRUK0006:22:50727408:G,CRUK0006,PLXNB2,1,TRUE,TRUE,R1:1;R2:1
CRUK0006:17:7579377:G,CRUK0006,TP53,1,TRUE,TRUE,R1:1;R2:1
CRUK0006:19:10610481:A,CRUK0006,KEAP1,1,TRUE,TRUE,R1:1;R2:1
Annotated CN: amp(TERT),CRUK0006,TERT,1,TRUE,TRUE,R1:1;R2:1
CRUK0006:5:56178457:G,CRUK0006,MAP3K1,2,TRUE,FALSE,R1:0;R2:0.93
CRUK0006:9:97873900:C,CRUK0006,FANCC,7,TRUE,FALSE,R1:0.99;R2:0.06
CRUK0007:3:178952085:A,CRUK0007,PIK3CA,1,TRUE,TRUE,R1:0.98;R2:0.93
CRUK0007:7:55242464:A,CRUK0007,EGFR,1,TRUE,TRUE,R1:0.98;R2:0.93
Annotated CN: amp(SGK223),CRUK0007,SGK223,1,TRUE,TRUE,R1:0.98;R2:0.93
CRUK0008:19:10602907:G,CRUK0008,KEAP1,2,TRUE,TRUE,R1:0.99;R2:1
CRUK0008:19:1220487:G,CRUK0008,STK11,2,TRUE,TRUE,R1:0.99;R2:1
CRUK0008:6:106555068:G,CRUK0008,PRDM1,2,TRUE,TRUE,R1:0.99;R2:1
CRUK0008:21:44524486:A,CRUK0008,U2AF1,2,TRUE,TRUE,R1:0.99;R2:1
Annotated CN: amp(MYC),CRUK0008,MYC,2,TRUE,TRUE,R1:0.99;R2:1
CRUK0008:12:46245608:T,CRUK0008,ARID2,3,TRUE,FALSE,R1:0.86;R2:0
CRUK0009:7:140453134:T,CRUK0009,BRAF,1,TRUE,TRUE,R1:0.99;R2:0.99;R3:0.98;R4:0.99
CRUK0009:17:7577570:C,CRUK0009,TP53,1,TRUE,TRUE,R1:0.99;R2:0.99;R3:0.98;R4:0.99
CRUK0009:19:47424497:C,CRUK0009,ARHGAP35,1,TRUE,TRUE,R1:0.99;R2:0.99;R3:0.98;R4:0.99
CRUK0009:7:151878287:G,CRUK0009,KMT2C,1,TRUE,TRUE,R1:0.99;R2:0.99;R3:0.98;R4:0.99
Annotated CN: amp(NFE2L2),CRUK0009,NFE2L2,1,TRUE,TRUE,R1:0.99;R2:0.99;R3:0.97;R4:0.99
Annotated CN: amp(MET),CRUK0009,MET,1,TRUE,TRUE,R1:0.99;R2:0.99;R3:0.97;R4:0.99
Annotated CN: amp(TERT),CRUK0009,TERT,2,TRUE,FALSE,R1:0;R2:0.93;R3:0;R4:0.96
CRUK0010:3:47103798:G,CRUK0010,SETD2,1,TRUE,TRUE,R1:0.95;R2:0.98
CRUK0010:7:55242466:G,CRUK0010,EGFR,1,TRUE,TRUE,R1:0.95;R2:0.98
Annotated CN: amp(TERT),CRUK0010,TERT,1,TRUE,TRUE,R1:0.95;R2:0.98
CRUK0011:12:25398285:C,CRUK0011,KRAS,1,TRUE,TRUE,R1:0.99;R2:0.97;R3:1
CRUK0011:5:180057248:C,CRUK0011,FLT4,3,TRUE,FALSE,R1:0.95;R2:0;R3:0
CRUK0012:7:55242467:A,CRUK0012,EGFR,1,TRUE,TRUE,R1:0.98;R2:0.95
CRUK0013:19:1207033:A,CRUK0013,STK11,1,TRUE,TRUE,LN1:0.99;LN2:0.99;R1:0.99;R2:0.99;R3:0.99
CRUK0013:9:139409757:C,CRUK0013,NOTCH1,2,TRUE,FALSE,LN1:0;LN2:0;R1:0;R2:0.75;R3:0
Annotated CN: amp(KRAS),CRUK0013,KRAS,3,TRUE,FALSE,LN1:0.97;LN2:0.96;R1:0.01;R2:0.58;R3:0.94
Annotated CN: amp(EGFR),CRUK0013,EGFR,4,TRUE,FALSE,LN1:0;LN2:0;R1:0.97;R2:0.37;R3:0.01
CRUK0014:17:7578205:C,CRUK0014,TP53,1,TRUE,TRUE,R1:0.96;R2:0.96
CRUK0014:12:25398284:C,CRUK0014,KRAS,1,TRUE,TRUE,R1:0.96;R2:0.96
CRUK0014:17:56435889:C,CRUK0014,RNF43,2,TRUE,FALSE,R1:0.35;R2:0.01
CRUK0015:3:52436393:G,CRUK0015,BAP1,1,TRUE,TRUE,R1:0.99;R2:0.99
CRUK0015:7:55249001:-,CRUK0015,EGFR,1,TRUE,TRUE,R1:0.99;R2:0.99
CRUK0015:17:7578535:T,CRUK0015,TP53,2,TRUE,FALSE,R1:0.94;R2:0.01
CRUK0015:13:48955550:C,CRUK0015,RB1,3,TRUE,FALSE,R1:0.01;R2:0.65
CRUK0016:17:7578455:C,CRUK0016,TP53,1,TRUE,TRUE,R1:0.99;R2:0.99
CRUK0016:4:187557791:C,CRUK0016,FAT1,1,TRUE,TRUE,R1:0.99;R2:0.99
CRUK0016:1:16237768:G,CRUK0016,SPEN,1,TRUE,TRUE,R1:0.98;R2:0.98
CRUK0016:3:105452857:C,CRUK0016,CBLB,1,TRUE,TRUE,R1:0.99;R2:0.99
Annotated CN: amp(TERT),CRUK0016,TERT,1,TRUE,TRUE,R1:0.99;R2:0.99
Annotated CN: del(CDKN2A),CRUK0016,CDKN2A,1,TRUE,TRUE,R1:0.99;R2:0.99
CRUK0016:20:31021451:G,CRUK0016,ASXL1,2,TRUE,FALSE,R1:0.53;R2:0
CRUK0016:1:198721448:C,CRUK0016,PTPRC,6,TRUE,FALSE,R1:0.31;R2:0.53
CRUK0016:19:10934570:GA,CRUK0016,DNM2,10,TRUE,FALSE,R1:0.34;R2:0.3
CRUK0016:6:150004568:G,CRUK0016,LATS1,16,TRUE,FALSE,R1:0.99;R2:0
CRUK0016:6:157522016:G,CRUK0016,ARID1B,16,TRUE,FALSE,R1:0.95;R2:0
CRUK0017:17:7578449:CC,CRUK0017,TP53,1,TRUE,TRUE,R1:1;R2:1;R3:1;R4:1
CRUK0017:6:157522149:C,CRUK0017,ARID1B,1,TRUE,TRUE,R1:1;R2:1;R3:1;R4:1
CRUK0017:12:46244139:C,CRUK0017,ARID2,1,TRUE,TRUE,R1:1;R2:1;R3:1;R4:1
CRUK0017:19:10597402:G,CRUK0017,KEAP1,1,TRUE,TRUE,R1:1;R2:1;R3:1;R4:1
Annotated CN: amp(MYC),CRUK0017,MYC,1,TRUE,TRUE,R1:1;R2:1;R3:1;R4:1
CRUK0017:12:25398284:C,CRUK0017,KRAS,3,TRUE,FALSE,R1:0;R2:0.94;R3:0.95;R4:0.59
CRUK0018:16:71318200:G,CRUK0018,CMTR2,1,TRUE,TRUE,R1:1;R2:1;R3:1;R4:1
CRUK0018:12:25398285:C,CRUK0018,KRAS,1,TRUE,TRUE,R1:1;R2:1;R3:1;R4:1
CRUK0018:15:41991343:-,CRUK0018,MGA,1,TRUE,TRUE,R1:1;R2:1;R3:1;R4:1
CRUK0018:2:189923226:C,CRUK0018,COL5A2,1,TRUE,TRUE,R1:1;R2:1;R3:1;R4:1
CRUK0019:7:55242469:T,CRUK0019,EGFR,1,TRUE,TRUE,R1:0.97;R2:0.96
CRUK0020:19:10599912:C,CRUK0020,KEAP1,1,TRUE,TRUE,R1:1;R2:1
CRUK0020:17:7579699:C,CRUK0020,TP53,1,TRUE,TRUE,R1:1;R2:1
CRUK0020:15:42035086:-,CRUK0020,MGA,1,TRUE,TRUE,R1:1;R2:1
CRUK0020:12:46233154:G,CRUK0020,ARID2,1,TRUE,TRUE,R1:1;R2:1
CRUK0020:12:48377902:C,CRUK0020,COL2A1,1,TRUE,TRUE,R1:1;R2:1
CRUK0020:10:72358720:C,CRUK0020,PRF1,1,TRUE,TRUE,R1:0.96;R2:0.63
Annotated CN: amp(KRAS),CRUK0020,KRAS,1,TRUE,TRUE,R1:1;R2:1
CRUK0020:3:178928226:C,CRUK0020,PIK3CA,2,TRUE,FALSE,R1:0.87;R2:0
CRUK0020:3:52437799:C,CRUK0020,BAP1,2,TRUE,FALSE,R1:0.9;R2:0.08
CRUK0020:17:15974950:C,CRUK0020,NCOR1,4,TRUE,FALSE,R1:0;R2:0.85
CRUK0021:7:55259515:T,CRUK0021,EGFR,1,TRUE,TRUE,R1:1;R2:0.99
CRUK0021:17:7578403:C,CRUK0021,TP53,1,TRUE,TRUE,R1:1;R2:0.99
CRUK0021:22:29120982:G,CRUK0021,CHEK2,1,TRUE,TRUE,R1:1;R2:0.98
Annotated CN: del(CDKN2A),CRUK0021,CDKN2A,1,TRUE,TRUE,R1:1;R2:0.99
CRUK0022:17:7577082:C,CRUK0022,TP53,1,TRUE,TRUE,R1:0.99;R2:0.99
CRUK0022:7:55259515:T,CRUK0022,EGFR,1,TRUE,TRUE,R1:0.99;R2:0.99
CRUK0022:19:42794685:C,CRUK0022,CIC,2,TRUE,FALSE,R1:0.85;R2:0
CRUK0023:8:30948434:T,CRUK0023,WRN,1,TRUE,TRUE,R1:0.99;R2:0.98;R3:0.99;R4:0.95
CRUK0023:12:25398284:C,CRUK0023,KRAS,1,TRUE,TRUE,R1:0.99;R2:0.98;R3:0.99;R4:0.95
Annotated CN: del(CDKN2A),CRUK0023,CDKN2A,1,TRUE,TRUE,R1:0.99;R2:0.98;R3:1;R4:0.96
CRUK0023:17:7577538:C,CRUK0023,TP53,2,TRUE,FALSE,R1:0.81;R2:0;R3:0;R4:0
CRUK0023:1:198723502:G,CRUK0023,PTPRC,4,TRUE,FALSE,R1:0.01;R2:0.95;R3:0;R4:0
CRUK0023:12:49416133:G,CRUK0023,KMT2D,4,TRUE,FALSE,R1:0.01;R2:0.94;R3:0;R4:0
CRUK0024:17:7579398:C,CRUK0024,TP53,1,TRUE,TRUE,R1:1;R3:1;R4:1;R6:1
CRUK0024:19:1220502:G,CRUK0024,STK11,1,TRUE,TRUE,R1:1;R3:1;R4:1;R6:1
CRUK0024:12:133256551:C,CRUK0024,POLE,1,TRUE,TRUE,R1:1;R3:1;R4:1;R6:1
Annotated CN: amp(EGFR),CRUK0024,EGFR,1,TRUE,TRUE,R1:1;R3:1;R4:1;R6:1
CRUK0024:11:108186565:A,CRUK0024,ATM,3,TRUE,FALSE,R1:0.88;R3:0.97;R4:0.95;R6:0
CRUK0024:17:15979009:G,CRUK0024,NCOR1,4,TRUE,FALSE,R1:0.83;R3:0;R4:0;R6:0
CRUK0025:12:25398285:C,CRUK0025,KRAS,1,TRUE,TRUE,R1:1;R2:1;R3:1
CRUK0025:17:7578190:T,CRUK0025,TP53,1,TRUE,TRUE,R1:1;R2:1;R3:1
CRUK0025:15:41961554:G,CRUK0025,MGA,1,TRUE,TRUE,R1:1;R2:1;R3:1
CRUK0026:17:7577130:A,CRUK0026,TP53,1,TRUE,TRUE,R1:0.98;R2:0.98
CRUK0026:7:55259515:T,CRUK0026,EGFR,1,TRUE,TRUE,R1:0.98;R2:0.98
CRUK0026:13:49039219:-,CRUK0026,RB1,1,TRUE,TRUE,R1:0.98;R2:0.98
CRUK0026:18:61264442:G,CRUK0026,SERPINB13,1,TRUE,TRUE,R1:0.98;R2:0.96
CRUK0027:12:25398284:C,CRUK0027,KRAS,1,TRUE,TRUE,R1:0.96;R2:1
CRUK0027:17:7579558:C,CRUK0027,TP53,1,TRUE,TRUE,R1:0.96;R2:1
CRUK0027:22:50721775:G,CRUK0027,PLXNB2,2,TRUE,FALSE,R1:0;R2:0.99
CRUK0028:5:112175021:C,CRUK0028,APC,1,TRUE,TRUE,R1:0.98;R2:0.97
Annotated CN: amp(EGFR),CRUK0028,EGFR,1,TRUE,TRUE,R1:0.97;R2:0.93
CRUK0029:17:7577580:T,CRUK0029,TP53,1,TRUE,TRUE,R2:1;R4:0.99;R5:0.98;R6:1;R7:1;R8:1
CRUK0029:1:115256529:T,CRUK0029,NRAS,1,TRUE,TRUE,R2:1;R4:0.99;R5:0.98;R6:1;R7:1;R8:1
CRUK0029:15:42059002:G,CRUK0029,MGA,1,TRUE,TRUE,R2:1;R4:0.99;R5:0.98;R6:1;R7:1;R8:1
Annotated CN: amp(CCND1),CRUK0029,CCND1,1,TRUE,TRUE,R2:1;R4:0.99;R5:0.98;R6:1;R7:1;R8:1
CRUK0030:12:25398284:C,CRUK0030,KRAS,1,TRUE,TRUE,R1:1;R2:0.98;R3:0.98
CRUK0030:16:2131629:C,CRUK0030,TSC2,1,TRUE,TRUE,R1:1;R2:0.98;R3:0.98
CRUK0030:21:44524456:G,CRUK0030,U2AF1,1,TRUE,TRUE,R1:0.99;R2:0.98;R3:0.98
CRUK0030:17:7578268:A,CRUK0030,TP53,1,TRUE,TRUE,R1:1;R2:0.98;R3:0.98
CRUK0030:4:153245506:G,CRUK0030,FBXW7,1,TRUE,TRUE,R1:1;R2:0.98;R3:0.98
CRUK0030:17:29654855:A,CRUK0030,NF1,1,TRUE,TRUE,R1:0.99;R2:0.98;R3:0.98
CRUK0031:19:10597426:C,CRUK0031,KEAP1,1,TRUE,TRUE,R1:1;R2:1;R3:1
CRUK0031:9:21971096:CC,CRUK0031,CDKN2A,1,TRUE,TRUE,R1:1;R2:1;R3:1
CRUK0031:10:72358092:G,CRUK0031,PRF1,1,TRUE,TRUE,R1:1;R2:1;R3:1
Annotated CN: amp(FGFR1),CRUK0031,FGFR1,1,TRUE,TRUE,R1:1;R2:1;R3:1
CRUK0031:17:29701147:C,CRUK0031,NF1,6,TRUE,FALSE,R1:0.88;R2:0.05;R3:0
CRUK0032:11:108206593:G,CRUK0032,ATM,1,TRUE,TRUE,R1:1;R2:1;R3:1;R4:1
CRUK0032:8:117866672:T,CRUK0032,RAD21,1,TRUE,TRUE,R1:1;R2:1;R3:1;R4:1
CRUK0032:21:44524456:G,CRUK0032,U2AF1,1,TRUE,TRUE,R1:1;R2:1;R3:1;R4:1
CRUK0032:17:56436098:C,CRUK0032,RNF43,1,TRUE,TRUE,R1:1;R2:1;R3:1;R4:1
Annotated CN: amp(CCND1),CRUK0032,CCND1,4,TRUE,FALSE,R1:0;R2:0.97;R3:0;R4:0.98
CRUK0032:6:157522253:G,CRUK0032,ARID1B,6,TRUE,FALSE,R1:0;R2:0;R3:0;R4:0.3
CRUK0033:19:10610391:A,CRUK0033,KEAP1,1,TRUE,TRUE,R1:0.99;R2:0.98
CRUK0033:3:41266124:A,CRUK0033,CTNNB1,1,TRUE,TRUE,R1:0.99;R2:0.98
CRUK0034:11:108122671:T,CRUK0034,ATM,1,TRUE,TRUE,R1:1;R2:1;R3:1
CRUK0034:12:25398284:C,CRUK0034,KRAS,1,TRUE,TRUE,R1:1;R2:1;R3:1
CRUK0034:22:50716617:C,CRUK0034,PLXNB2,1,TRUE,TRUE,R1:1;R2:1;R3:1
CRUK0034:15:42052629:C,CRUK0034,MGA,4,TRUE,FALSE,R1:0;R2:0.5;R3:0
CRUK0035:17:7578406:C,CRUK0035,TP53,1,TRUE,TRUE,LN1:0.98;R1:0.98;R2:0.99;R3:0.99
CRUK0035:10:90774166:G,CRUK0035,FAS,1,TRUE,TRUE,LN1:0.98;R1:0.98;R2:0.99;R3:0.99
CRUK0035:5:180050987:T,CRUK0035,FLT4,4,TRUE,FALSE,LN1:0;R1:0.8;R2:0;R3:0.01
CRUK0036:12:25398284:C,CRUK0036,KRAS,1,TRUE,TRUE,R1:0.99;R2:0.98;R3:0.97;R4:1
CRUK0036:3:178936095:A,CRUK0036,PIK3CA,1,TRUE,TRUE,R1:0.99;R2:0.98;R3:0.97;R4:1
CRUK0036:19:10602736:A,CRUK0036,KEAP1,1,TRUE,TRUE,R1:0.99;R2:0.98;R3:0.97;R4:1
CRUK0036:19:47491255:C,CRUK0036,ARHGAP35,1,TRUE,TRUE,R1:0.99;R2:0.98;R3:0.97;R4:1
Annotated CN: amp(TERT),CRUK0036,TERT,1,TRUE,TRUE,R1:0.99;R2:0.98;R3:0.97;R4:1
CRUK0037:20:33330870:C,CRUK0037,NCOA6,1,TRUE,TRUE,R1:0.99;R2:1;R3:1;R4:1;R5:1
CRUK0037:16:3823769:G,CRUK0037,CREBBP,1,TRUE,TRUE,R1:0.99;R2:1;R3:1;R4:1;R5:1
CRUK0037:12:25380276:T,CRUK0037,KRAS,1,TRUE,TRUE,R1:0.99;R2:1;R3:1;R4:1;R5:1
CRUK0038:12:25398284:C,CRUK0038,KRAS,1,TRUE,TRUE,R1:0.99;R2:0.99
CRUK0038:12:49420091:G,CRUK0038,KMT2D,3,TRUE,FALSE,R1:0;R2:0.38
CRUK0039:12:25398285:C,CRUK0039,KRAS,1,TRUE,TRUE,R1:1;R2:1;R3:0.98
CRUK0039:16:71319479:C,CRUK0039,CMTR2,1,TRUE,TRUE,R1:1;R2:1;R3:0.98
CRUK0039:17:29483017:G,CRUK0039,NF1,1,TRUE,TRUE,R1:1;R2:1;R3:0.98
CRUK0039:4:41749461:C,CRUK0039,PHOX2B,1,TRUE,TRUE,R1:1;R2:1;R3:0.98
CRUK0040:17:15961869:T,CRUK0040,NCOR1,1,TRUE,TRUE,R1:0.99;R2:0.99
CRUK0040:8:117870662:T,CRUK0040,RAD21,1,TRUE,TRUE,R1:1;R2:0.99
CRUK0040:12:25398284:C,CRUK0040,KRAS,1,TRUE,TRUE,R1:0.99;R2:0.99
CRUK0040:10:8097641:C,CRUK0040,GATA3,1,TRUE,TRUE,R1:0.86;R2:0.81
CRUK0041:7:140453134:T,CRUK0041,BRAF,1,TRUE,TRUE,R1:0.98;R2:0.99;R3:0.99;R4:0.99
Annotated CN: amp(TERT),CRUK0041,TERT,1,TRUE,TRUE,R1:0.98;R2:0.99;R3:0.99;R4:0.99
Annotated CN: amp(EGFR),CRUK0041,EGFR,1,TRUE,TRUE,R1:0.98;R2:0.99;R3:0.99;R4:0.99
CRUK0042:12:25398284:C,CRUK0042,KRAS,1,TRUE,TRUE,R1:0.91
CRUK0043:7:116412044:G,CRUK0043,MET,1,TRUE,TRUE,R1:0.99;R2:0.98
CRUK0044:12:25398284:C,CRUK0044,KRAS,1,TRUE,TRUE,R1:1;R2:1
CRUK0045:3:52436330:G,CRUK0045,BAP1,1,TRUE,TRUE,R1:0.98;R3:0.98
CRUK0046:19:10602353:T,CRUK0046,KEAP1,1,TRUE,TRUE,R1:1;R2:0.98;R3:1;R4:0.96
CRUK0046:5:112164611:C,CRUK0046,APC,1,TRUE,TRUE,R1:1;R2:0.98;R3:0.99;R4:0.96
CRUK0047:19:1207182:C,CRUK0047,STK11,1,TRUE,TRUE,R1:0.99;R2:1
CRUK0047:5:112178402:A,CRUK0047,APC,1,TRUE,TRUE,R1:0.99;R2:1
CRUK0047:12:25398284:C,CRUK0047,KRAS,1,TRUE,TRUE,R1:0.97;R2:0.96
Annotated CN: amp(MYC),CRUK0047,MYC,1,TRUE,TRUE,R1:0.99;R2:1
CRUK0048:5:112173860:G,CRUK0048,APC,1,TRUE,TRUE,R1:1;R2:1;R3:1
CRUK0048:6:106552983:C,CRUK0048,PRDM1,1,TRUE,TRUE,R1:1;R2:1;R3:1
CRUK0048:19:47424411:G,CRUK0048,ARHGAP35,1,TRUE,TRUE,R1:1;R2:1;R3:1
CRUK0048:17:7577548:C,CRUK0048,TP53,1,TRUE,TRUE,R1:1;R2:1;R3:1
CRUK0048:7:140453155:C,CRUK0048,BRAF,1,TRUE,TRUE,R1:1;R2:1;R3:1
Annotated CN: amp(EGFR),CRUK0048,EGFR,1,TRUE,TRUE,R1:1;R2:1;R3:1
Annotated CN: amp(MYC),CRUK0048,MYC,1,TRUE,TRUE,R1:1;R2:1;R3:1
CRUK0049:13:48878139:G,CRUK0049,RB1,1,TRUE,TRUE,R1:0.99;R2:0.99
CRUK0049:17:7578457:C,CRUK0049,TP53,1,TRUE,TRUE,R1:1;R2:1
CRUK0049:12:48383569:C,CRUK0049,COL2A1,1,TRUE,TRUE,R1:1;R2:1
Annotated CN: amp(EGFR),CRUK0049,EGFR,1,TRUE,TRUE,R1:1;R2:1
Annotated CN: amp(KRAS),CRUK0049,KRAS,1,TRUE,TRUE,R1:1;R2:1
CRUK0050:12:25398285:C,CRUK0050,KRAS,1,TRUE,TRUE,R1:0.99;R2:0.99;R3:0.99;R4:1;R5:0.99
CRUK0050:19:1207060:-,CRUK0050,STK11,1,TRUE,TRUE,R1:0.99;R2:0.99;R3:0.99;R4:1;R5:0.99
Annotated CN: amp(MYC),CRUK0050,MYC,1,TRUE,TRUE,R1:0.99;R2:0.99;R3:0.99;R4:1;R5:0.99
CRUK0051:12:25398285:C,CRUK0051,KRAS,1,TRUE,TRUE,R2:1;R3:1;R4:1
CRUK0051:4:153245455:C,CRUK0051,FBXW7,1,TRUE,TRUE,R2:1;R3:1;R4:1
CRUK0051:17:7579378:G,CRUK0051,TP53,1,TRUE,TRUE,R2:1;R3:1;R4:1
Annotated CN: amp(EGFR),CRUK0051,EGFR,1,TRUE,TRUE,R2:1;R3:1;R4:1
CRUK0051:22:41574815:C,CRUK0051,EP300,3,TRUE,FALSE,R2:0.97;R3:0;R4:0
CRUK0052:12:49434516:C,CRUK0052,KMT2D,1,TRUE,TRUE,R1:1;R3:1;R4:1
CRUK0052:12:25398284:C,CRUK0052,KRAS,1,TRUE,TRUE,R1:1;R3:1;R4:1
CRUK0052:1:120465292:C,CRUK0052,NOTCH2,1,TRUE,TRUE,R1:1;R3:1;R4:1
CRUK0052:15:42040907:T,CRUK0052,MGA,1,TRUE,TRUE,R1:1;R3:1;R4:1
CRUK0052:19:10600420:C,CRUK0052,KEAP1,1,TRUE,TRUE,R1:1;R3:1;R4:1
CRUK0052:17:7578190:T,CRUK0052,TP53,1,TRUE,TRUE,R1:1;R3:1;R4:1
CRUK0052:17:29663397:G,CRUK0052,NF1,1,TRUE,TRUE,R1:1;R3:1;R4:1
CRUK0052:8:8175939:C,CRUK0052,SGK223,1,TRUE,TRUE,R1:1;R3:1;R4:1
CRUK0052:8:103307949:G,CRUK0052,UBR5,2,TRUE,FALSE,R1:0;R3:0;R4:0.86
CRUK0054:7:55259515:T,CRUK0054,EGFR,1,TRUE,TRUE,R1:0.99;R2:0.99
CRUK0055:14:45618073:G,CRUK0055,FANCM,1,TRUE,TRUE,R2:1
CRUK0055:8:103293638:G,CRUK0055,UBR5,1,TRUE,TRUE,R2:1
CRUK0055:4:187539235:A,CRUK0055,FAT1,2,TRUE,FALSE,R2:0.32
CRUK0056:5:86658383:C,CRUK0056,RASA1,1,TRUE,TRUE,R1:1;R2:1;R3:1
CRUK0056:16:3789589:G,CRUK0056,CREBBP,1,TRUE,TRUE,R1:1;R2:1;R3:1
CRUK0056:17:7578508:C,CRUK0056,TP53,3,TRUE,FALSE,R1:0;R2:0.12;R3:0.98
CRUK0057:12:25398284:C,CRUK0057,KRAS,1,TRUE,TRUE,R1:1;R2:1
CRUK0057:19:11152100:A,CRUK0057,SMARCA4,1,TRUE,TRUE,R1:1;R2:1
CRUK0057:16:2121841:G,CRUK0057,TSC2,1,TRUE,TRUE,R1:1;R2:1
CRUK0057:19:10897345:C,CRUK0057,DNM2,1,TRUE,TRUE,R1:0.97;R2:0.66
Annotated CN: amp(TERT),CRUK0057,TERT,1,TRUE,TRUE,R1:1;R2:1
CRUK0058:17:7577099:C,CRUK0058,TP53,1,TRUE,TRUE,R1:0.98;R2:0.99
CRUK0058:7:55259524:T,CRUK0058,EGFR,1,TRUE,TRUE,R1:0.98;R2:0.99
CRUK0059:12:25398284:C,CRUK0059,KRAS,1,TRUE,TRUE,R1:0.99;R2:0.98
CRUK0060:18:61264439:G,CRUK0060,SERPINB13,1,TRUE,TRUE,R1:1
CRUK0060:12:46211624:C,CRUK0060,ARID2,1,TRUE,TRUE,R1:1
CRUK0060:2:189914162:C,CRUK0060,COL5A2,1,TRUE,TRUE,R1:1
CRUK0060:14:45645384:G,CRUK0060,FANCM,1,TRUE,TRUE,R1:1
CRUK0060:4:41748302:T,CRUK0060,PHOX2B,1,TRUE,TRUE,R1:1
CRUK0060:12:48388217:G,CRUK0060,COL2A1,1,TRUE,TRUE,R1:1
CRUK0060:5:86672323:C,CRUK0060,RASA1,1,TRUE,TRUE,R1:1
CRUK0060:17:29665800:A,CRUK0060,NF1,1,TRUE,TRUE,R1:1
CRUK0060:20:33334695:C,CRUK0060,NCOA6,1,TRUE,TRUE,R1:1
CRUK0060:1:120512325:G,CRUK0060,NOTCH2,1,TRUE,TRUE,R1:1
CRUK0060:7:151864398:G,CRUK0060,KMT2C,1,TRUE,TRUE,R1:1
CRUK0061:19:1221301:C,CRUK0061,STK11,1,TRUE,TRUE,R1:0.99;R2:1
CRUK0062:10:90773919:G,CRUK0062,FAS,1,TRUE,FALSE,R1:0;R2:0.01;R3:0;R4:0;R5:0;R6:0.94;R7:0
CRUK0062:22:50722281:G,CRUK0062,PLXNB2,2,TRUE,FALSE,R1:0.84;R2:0.83;R3:0.02;R4:0;R5:0;R6:0;R7:0
CRUK0062:17:7577121:G,CRUK0062,TP53,4,TRUE,TRUE,R1:0.99;R2:0.99;R3:0.98;R4:0.97;R5:0.99;R6:0.99;R7:0.99
Annotated CN: amp(PIK3CA),CRUK0062,PIK3CA,4,TRUE,TRUE,R1:0.99;R2:0.99;R3:0.98;R4:0.97;R5:0.99;R6:0.99;R7:0.99
Annotated CN: amp(SOX2),CRUK0062,SOX2,4,TRUE,TRUE,R1:0.99;R2:0.99;R3:0.98;R4:0.97;R5:0.99;R6:0.99;R7:0.99
Annotated CN: amp(CCND1),CRUK0062,CCND1,4,TRUE,TRUE,R1:0.99;R2:0.99;R3:0.98;R4:0.97;R5:0.99;R6:0.99;R7:0.99
CRUK0062:8:103357729:G,CRUK0062,UBR5,16,TRUE,FALSE,R1:0.93;R2:0.86;R3:0.08;R4:0.02;R5:0.12;R6:0;R7:0.87
CRUK0063:17:29576091:C,CRUK0063,NF1,1,TRUE,FALSE,R3:0;R4:0.99;R5:0.99;R6:0.98;R7:1
CRUK0063:16:50784105:G,CRUK0063,CYLD,1,TRUE,FALSE,R3:0;R4:0.99;R5:0.99;R6:0.98;R7:1
CRUK0063:3:178936082:G,CRUK0063,PIK3CA,2,TRUE,TRUE,R3:0.93;R4:0.99;R5:0.99;R6:0.99;R7:1
CRUK0063:17:7578208:T,CRUK0063,TP53,2,TRUE,TRUE,R3:0.93;R4:0.99;R5:0.99;R6:0.99;R7:1
CRUK0063:4:153249457:G,CRUK0063,FBXW7,2,TRUE,TRUE,R3:0.83;R4:0.99;R5:0.99;R6:0.99;R7:1
CRUK0063:9:21971056:C,CRUK0063,CDKN2A,2,TRUE,TRUE,R3:0.75;R4:0.92;R5:0.97;R6:0.96;R7:0.97
Annotated CN: amp(SOX2),CRUK0063,SOX2,2,TRUE,TRUE,R3:0.93;R4:0.99;R5:0.99;R6:0.99;R7:1
Annotated CN: amp(TERT),CRUK0063,TERT,2,TRUE,TRUE,R3:0.93;R4:0.99;R5:0.99;R6:0.99;R7:1
Annotated CN: del(PRF1),CRUK0063,PRF1,2,TRUE,TRUE,R3:0.93;R4:0.99;R5:0.99;R6:0.99;R7:1
CRUK0063:14:45665613:G,CRUK0063,FANCM,6,TRUE,FALSE,R3:0;R4:0.02;R5:0.7;R6:0.36;R7:0.55
CRUK0063:22:41574949:G,CRUK0063,EP300,10,TRUE,FALSE,R3:0;R4:0.99;R5:0.99;R6:0.98;R7:1
CRUK0064:17:7578461:C,CRUK0064,TP53,1,TRUE,TRUE,R1:1;R2:1
CRUK0064:3:37056028:C,CRUK0064,MLH1,2,TRUE,FALSE,R1:0.64;R2:0.11
CRUK0064:4:187521364:G,CRUK0064,FAT1,2,TRUE,FALSE,R1:0.64;R2:0.11
CRUK0065:17:7577535:C,CRUK0065,TP53,1,TRUE,TRUE,R1:1;R2:0.99;R3:0.99;R4:1;R5:1;R6:1
CRUK0065:2:178098810:C,CRUK0065,NFE2L2,1,TRUE,TRUE,R1:1;R2:0.99;R3:0.99;R4:1;R5:1;R6:1
Annotated CN: amp(PIK3CA),CRUK0065,PIK3CA,1,TRUE,TRUE,R1:1;R2:0.99;R3:0.99;R4:1;R5:1;R6:1
Annotated CN: amp(SOX2),CRUK0065,SOX2,1,TRUE,TRUE,R1:1;R2:0.99;R3:0.99;R4:1;R5:1;R6:1
CRUK0065:3:37061826:G,CRUK0065,MLH1,2,TRUE,FALSE,R1:0;R2:0;R3:0;R4:0;R5:0.48;R6:0
CRUK0065:1:198700816:G,CRUK0065,PTPRC,2,TRUE,FALSE,R1:0;R2:0;R3:0;R4:0;R5:0.48;R6:0
CRUK0065:8:103299681:G,CRUK0065,UBR5,2,TRUE,FALSE,R1:0;R2:0;R3:0;R4:0;R5:0.48;R6:0
CRUK0065:9:139413985:C,CRUK0065,NOTCH1,6,TRUE,FALSE,R1:0;R2:0;R3:0;R4:0;R5:0.01;R6:0.83
CRUK0065:20:33345184:C,CRUK0065,NCOA6,6,TRUE,FALSE,R1:0;R2:0;R3:0;R4:0;R5:0.01;R6:0.83
CRUK0066:17:7578528:A,CRUK0066,TP53,1,TRUE,TRUE,R1:0.99;R2:1;R3:1;R4:0.99
CRUK0066:9:139410038:G,CRUK0066,NOTCH1,1,TRUE,TRUE,R1:0.99;R2:1;R3:1;R4:0.99
CRUK0066:9:21971108:C,CRUK0066,CDKN2A,1,TRUE,TRUE,R1:0.99;R2:1;R3:1;R4:0.99
CRUK0066:8:30989960:G,CRUK0066,WRN,1,TRUE,TRUE,R1:0.99;R2:1;R3:1;R4:0.99
Annotated CN: amp(PDGFRA),CRUK0066,PDGFRA,1,TRUE,TRUE,R1:1;R2:1;R3:1;R4:0.99
Annotated CN: amp(TERT),CRUK0066,TERT,1,TRUE,TRUE,R1:1;R2:1;R3:1;R4:0.99
Annotated CN: amp(NCOA6),CRUK0066,NCOA6,1,TRUE,TRUE,R1:1;R2:1;R3:1;R4:0.99
CRUK0066:2:189899734:T,CRUK0066,COL5A2,9,TRUE,FALSE,R1:0;R2:0.91;R3:0.01;R4:0
CRUK0067:9:139413085:G,CRUK0067,NOTCH1,1,TRUE,TRUE,R1:0.99;R3:1
CRUK0067:17:7579699:C,CRUK0067,TP53,1,TRUE,TRUE,R1:0.99;R3:1
Annotated CN: amp(PIK3CA),CRUK0067,PIK3CA,1,TRUE,TRUE,R1:0.99;R3:1
Annotated CN: amp(SOX2),CRUK0067,SOX2,1,TRUE,TRUE,R1:0.99;R3:1
Annotated CN: del(CDKN2A),CRUK0067,CDKN2A,1,TRUE,TRUE,R1:0.99;R3:1
CRUK0067:2:178098810:C,CRUK0067,NFE2L2,2,TRUE,FALSE,R1:0.61;R3:0.83
CRUK0068:17:7578206:T,CRUK0068,TP53,1,TRUE,TRUE,R1:0.99;R2:1;R3:1;R4:1
CRUK0068:10:89717615:C,CRUK0068,PTEN,1,TRUE,TRUE,R1:0.99;R2:1;R3:1;R4:1
CRUK0068:12:49420108:C,CRUK0068,KMT2D,1,TRUE,TRUE,R1:0.99;R2:1;R3:1;R4:1
Annotated CN: amp(PIK3CA),CRUK0068,PIK3CA,1,TRUE,TRUE,R1:0.99;R2:1;R3:1;R4:1
Annotated CN: amp(SOX2),CRUK0068,SOX2,1,TRUE,TRUE,R1:0.99;R2:1;R3:1;R4:1
CRUK0068:15:42058670:C,CRUK0068,MGA,3,TRUE,FALSE,R1:0.5;R2:0;R3:0;R4:0
CRUK0068:3:47139542:G,CRUK0068,SETD2,4,TRUE,FALSE,R1:0.98;R2:0.37;R3:0.99;R4:0.01
Annotated CN: amp(TERT),CRUK0068,TERT,9,TRUE,FALSE,R1:0;R2:0;R3:0;R4:0.69
CRUK0069:17:7577574:T,CRUK0069,TP53,1,TRUE,TRUE,R1:1;R2:1;R3:1;R4:1;R5:1
CRUK0069:4:187549863:T,CRUK0069,FAT1,1,TRUE,TRUE,R1:1;R2:1;R3:1;R4:1;R5:1
Annotated CN: amp(PDGFRA),CRUK0069,PDGFRA,1,TRUE,TRUE,R1:1;R2:1;R3:1;R4:1;R5:1
Annotated CN: amp(FGFR1),CRUK0069,FGFR1,1,TRUE,TRUE,R1:1;R2:1;R3:1;R4:1;R5:1
CRUK0069:12:25398285:C,CRUK0069,KRAS,13,TRUE,FALSE,R1:0.93;R2:0.42;R3:0.32;R4:0.94;R5:0.96
CRUK0070:19:10906762:G,CRUK0070,DNM2,1,TRUE,TRUE,R1:1;R2:1;R4:1;R6:1;R7:1
CRUK0070:17:7577501:G,CRUK0070,TP53,1,TRUE,TRUE,R1:0.99;R2:1;R4:1;R6:1;R7:1
Annotated CN: amp(COL5A2),CRUK0070,COL5A2,1,TRUE,TRUE,R1:1;R2:1;R4:1;R6:1;R7:1
Annotated CN: amp(SOX2),CRUK0070,SOX2,1,TRUE,TRUE,R1:1;R2:1;R4:1;R6:1;R7:1
CRUK0070:3:105389088:G,CRUK0070,CBLB,2,TRUE,FALSE,R1:0;R2:0;R4:0;R6:0.95;R7:0.98
Annotated CN: amp(NFE2L2),CRUK0070,NFE2L2,3,TRUE,FALSE,R1:0.95;R2:0.96;R4:0.98;R6:0;R7:0.01
CRUK0071:16:71319602:T,CRUK0071,CMTR2,1,TRUE,TRUE,R1:1;R2:0.99;R3:1;R5:1;R6:1;R7:1
Annotated CN: amp(PIK3CA),CRUK0071,PIK3CA,1,TRUE,TRUE,R1:1;R2:0.99;R3:1;R5:1;R6:1;R7:1
Annotated CN: amp(SOX2),CRUK0071,SOX2,1,TRUE,TRUE,R1:1;R2:0.99;R3:1;R5:1;R6:1;R7:1
CRUK0071:8:103266672:G,CRUK0071,UBR5,4,TRUE,FALSE,R1:0;R2:0.57;R3:0;R5:0;R6:0;R7:0
CRUK0072:17:7578419:C,CRUK0072,TP53,1,TRUE,TRUE,R1:1;R2:0.99;R4:0.99
CRUK0072:2:178098941:T,CRUK0072,NFE2L2,1,TRUE,TRUE,R1:1;R2:0.99;R4:0.99
Annotated CN: amp(PIK3CA),CRUK0072,PIK3CA,1,TRUE,TRUE,R1:1;R2:0.99;R4:0.99
Annotated CN: amp(SOX2),CRUK0072,SOX2,1,TRUE,TRUE,R1:1;R2:0.99;R4:0.99
Annotated CN: amp(EGFR),CRUK0072,EGFR,1,TRUE,TRUE,R1:1;R2:0.99;R4:0.99
Annotated CN: amp(MYC),CRUK0072,MYC,1,TRUE,TRUE,R1:1;R2:0.99;R4:0.99
CRUK0073:9:21971036:C,CRUK0073,CDKN2A,1,TRUE,TRUE,R1:1;R2:1
CRUK0073:14:95570254:G,CRUK0073,DICER1,1,TRUE,TRUE,R1:1;R2:1
CRUK0073:2:178098944:C,CRUK0073,NFE2L2,1,TRUE,TRUE,R1:1;R2:1
CRUK0073:4:187584750:C,CRUK0073,FAT1,1,TRUE,TRUE,R1:1;R2:1
CRUK0073:12:49431006:G,CRUK0073,KMT2D,1,TRUE,TRUE,R1:1;R2:1
CRUK0073:1:120510124:G,CRUK0073,NOTCH2,1,TRUE,TRUE,R1:1;R2:1
Annotated CN: amp(FGFR1),CRUK0073,FGFR1,1,TRUE,TRUE,R1:1;R2:1
Annotated CN: amp(MYC),CRUK0073,MYC,1,TRUE,TRUE,R1:1;R2:1
CRUK0073:22:50728515:C,CRUK0073,PLXNB2,2,TRUE,FALSE,R1:0;R2:0.93
CRUK0074:17:7578369:A,CRUK0074,TP53,1,TRUE,TRUE,R1:0.99;R2:1
CRUK0074:2:178098810:C,CRUK0074,NFE2L2,1,TRUE,TRUE,R1:0.99;R2:1
Annotated CN: amp(PIK3CA),CRUK0074,PIK3CA,1,TRUE,TRUE,R1:0.99;R2:1
Annotated CN: amp(SOX2),CRUK0074,SOX2,1,TRUE,TRUE,R1:0.99;R2:1
Annotated CN: amp(CCND1),CRUK0074,CCND1,1,TRUE,TRUE,R1:0.99;R2:1
CRUK0074:8:103297964:C,CRUK0074,UBR5,3,TRUE,FALSE,R1:0;R2:0.99
CRUK0075:9:139413126:C,CRUK0075,NOTCH1,1,TRUE,TRUE,R1:1;R2:0.99
CRUK0075:5:86675622:C,CRUK0075,RASA1,1,TRUE,TRUE,R1:1;R2:0.99
CRUK0075:17:7578525:G,CRUK0075,TP53,1,TRUE,TRUE,R1:1;R2:0.99
CRUK0075:4:187630700:G,CRUK0075,FAT1,1,TRUE,TRUE,R1:1;R2:0.99
CRUK0075:15:42028634:A,CRUK0075,MGA,1,TRUE,TRUE,R1:1;R2:0.99
CRUK0075:3:178936094:C,CRUK0075,PIK3CA,1,TRUE,TRUE,R1:1;R2:0.99
Annotated CN: amp(FGFR1),CRUK0075,FGFR1,1,TRUE,TRUE,R1:1;R2:0.99
CRUK0075:2:178098810:C,CRUK0075,NFE2L2,2,TRUE,FALSE,R1:0.15;R2:0.98
CRUK0076:18:61262379:G,CRUK0076,SERPINB13,1,TRUE,TRUE,R1:1;R2:1;R3:1;R4:1
CRUK0076:17:7578394:T,CRUK0076,TP53,1,TRUE,TRUE,R1:1;R2:1;R3:1;R4:1
CRUK0076:6:157470004:C,CRUK0076,ARID1B,1,TRUE,TRUE,R1:1;R2:1;R3:1;R4:1
Annotated CN: amp(PIK3CA),CRUK0076,PIK3CA,1,TRUE,TRUE,R1:1;R2:1;R3:1;R4:1
Annotated CN: amp(SOX2),CRUK0076,SOX2,1,TRUE,TRUE,R1:1;R2:1;R3:1;R4:1
Annotated CN: amp(FGFR1),CRUK0076,FGFR1,1,TRUE,TRUE,R1:1;R2:1;R3:1;R4:1
CRUK0076:17:16089908:G,CRUK0076,NCOR1,2,TRUE,FALSE,R1:0.93;R2:0;R3:0.28;R4:0
CRUK0076:2:189901406:C,CRUK0076,COL5A2,3,TRUE,FALSE,R1:0.93;R2:0;R3:0.81;R4:0
CRUK0077:17:7577082:C,CRUK0077,TP53,1,TRUE,TRUE,R1:1;R2:1;R3:1;R4:1
CRUK0077:6:150004840:G,CRUK0077,LATS1,1,TRUE,TRUE,R1:1;R2:1;R3:1;R4:1
CRUK0077:19:10600447:G,CRUK0077,KEAP1,1,TRUE,TRUE,R1:1;R2:1;R3:1;R4:1
CRUK0078:22:50719557:C,CRUK0078,PLXNB2,1,TRUE,TRUE,R2:1;R3:1;R4:1
CRUK0078:10:89720779:-,CRUK0078,PTEN,1,TRUE,TRUE,R2:1;R3:1;R4:1
Annotated CN: amp(PIK3CA),CRUK0078,PIK3CA,1,TRUE,TRUE,R2:1;R3:1;R4:1
Annotated CN: amp(SOX2),CRUK0078,SOX2,1,TRUE,TRUE,R2:1;R3:1;R4:1
Annotated CN: amp(FGFR1),CRUK0078,FGFR1,1,TRUE,TRUE,R2:1;R3:1;R4:1
CRUK0079:4:187521078:C,CRUK0079,FAT1,1,TRUE,TRUE,R1:1;R2:0.99;R3:1;R4:1
CRUK0079:17:7577090:C,CRUK0079,TP53,1,TRUE,TRUE,R1:1;R2:0.99;R3:1;R4:1
CRUK0079:12:133225515:C,CRUK0079,POLE,1,TRUE,TRUE,R1:1;R2:0.99;R3:1;R4:1
Annotated CN: amp(PIK3CA),CRUK0079,PIK3CA,1,TRUE,TRUE,R1:1;R2:0.99;R3:1;R4:1
Annotated CN: amp(SOX2),CRUK0079,SOX2,1,TRUE,TRUE,R1:1;R2:0.99;R3:1;R4:1
Annotated CN: amp(FGFR1),CRUK0079,FGFR1,1,TRUE,TRUE,R1:1;R2:0.99;R3:1;R4:1
CRUK0080:17:7578263:G,CRUK0080,TP53,1,TRUE,TRUE,R3:1;R4:1;R5:1;R6:1
CRUK0080:11:32449506:T,CRUK0080,WT1,1,TRUE,TRUE,R3:1;R4:1;R5:1;R6:1
Annotated CN: amp(EGFR),CRUK0080,EGFR,1,TRUE,TRUE,R3:1;R4:1;R5:1;R6:1
Annotated CN: amp(CCND1),CRUK0080,CCND1,1,TRUE,TRUE,R3:1;R4:1;R5:1;R6:1
CRUK0080:7:50450378:C,CRUK0080,IKZF1,3,TRUE,FALSE,R3:0;R4:0;R5:0.97;R6:0.83
CRUK0081:9:139405149:T,CRUK0081,NOTCH1,1,TRUE,TRUE,R1:1;R5:0.99
CRUK0081:17:7578190:T,CRUK0081,TP53,1,TRUE,TRUE,R1:1;R5:0.99
CRUK0081:9:21971053:-,CRUK0081,CDKN2A,1,TRUE,TRUE,R1:1;R5:0.99
CRUK0081:4:187532858:C,CRUK0081,FAT1,1,TRUE,TRUE,R1:1;R5:0.99
CRUK0081:9:97887448:C,CRUK0081,FANCC,1,TRUE,TRUE,R1:1;R5:0.99
CRUK0081:16:50783766:C,CRUK0081,CYLD,3,TRUE,FALSE,R1:0.93;R5:0.01
CRUK0082:17:7577586:A,CRUK0082,TP53,1,TRUE,TRUE,R1:1;R2:1;R3:1;R4:1;R5:1
CRUK0082:11:32450162:T,CRUK0082,WT1,1,TRUE,TRUE,R1:1;R2:1;R3:1;R4:1;R5:1
CRUK0082:10:89692904:C,CRUK0082,PTEN,1,TRUE,TRUE,R1:1;R2:1;R3:1;R4:1;R5:1
CRUK0082:2:189907459:G,CRUK0082,COL5A2,1,TRUE,TRUE,R1:1;R2:1;R3:1;R4:1;R5:1
CRUK0082:12:49443666:A,CRUK0082,KMT2D,1,TRUE,TRUE,R1:1;R2:1;R3:1;R4:1;R5:1
Annotated CN: amp(PIK3CA),CRUK0082,PIK3CA,1,TRUE,TRUE,R1:1;R2:1;R3:1;R4:1;R5:1
Annotated CN: amp(SOX2),CRUK0082,SOX2,1,TRUE,TRUE,R1:1;R2:1;R3:1;R4:1;R5:1
Annotated CN: amp(FGFR1),CRUK0082,FGFR1,1,TRUE,TRUE,R1:1;R2:1;R3:1;R4:1;R5:1
CRUK0083:17:7578457:C,CRUK0083,TP53,1,TRUE,TRUE,R1:1;R2:1;R3:1;R4:0.99
CRUK0083:4:153245381:T,CRUK0083,FBXW7,1,TRUE,TRUE,R1:1;R2:1;R3:1;R4:0.99
CRUK0083:5:86627172:C,CRUK0083,RASA1,1,TRUE,TRUE,R1:0.99;R2:0.99;R3:0.99;R4:0.99
Annotated CN: amp(PIK3CA),CRUK0083,PIK3CA,1,TRUE,TRUE,R1:1;R2:1;R3:1;R4:0.99
Annotated CN: amp(SOX2),CRUK0083,SOX2,1,TRUE,TRUE,R1:1;R2:1;R3:1;R4:0.99
Annotated CN: amp(FGFR1),CRUK0083,FGFR1,1,TRUE,TRUE,R1:1;R2:1;R3:1;R4:0.99
Annotated CN: amp(MYC),CRUK0083,MYC,1,TRUE,TRUE,R1:1;R2:1;R3:1;R4:0.99
CRUK0084:16:3786719:G,CRUK0084,CREBBP,1,TRUE,TRUE,R1:1;R2:1;R3:1;R4:1
CRUK0085:22:29095912:C,CRUK0085,CHEK2,1,TRUE,TRUE,R1:1;R2:1;R3:1;R4:1
CRUK0085:16:3786795:C,CRUK0085,CREBBP,1,TRUE,TRUE,R1:1;R2:1;R3:1;R4:1
CRUK0085:6:150004864:C,CRUK0085,LATS1,1,TRUE,TRUE,R1:1;R2:1;R3:1;R4:1
CRUK0085:14:45628412:A,CRUK0085,FANCM,1,TRUE,TRUE,R1:1;R2:1;R3:1;R4:1
CRUK0086:17:7579313:G,CRUK0086,TP53,1,TRUE,TRUE,R1:1;R2:1;R4:1
CRUK0086:12:46243395:T,CRUK0086,ARID2,1,TRUE,TRUE,R1:1;R2:1;R4:1
Annotated CN: del(FAT1),CRUK0086,FAT1,1,TRUE,TRUE,R1:1;R2:1;R4:1
CRUK0087:2:178098973:C,CRUK0087,NFE2L2,1,TRUE,TRUE,R1:1;R2:1;R3:1
CRUK0087:17:7577530:T,CRUK0087,TP53,1,TRUE,TRUE,R1:1;R2:1;R3:1
CRUK0087:20:31025116:G,CRUK0087,ASXL1,1,TRUE,TRUE,R1:1;R2:1;R3:1
CRUK0087:3:178936091:GA,CRUK0087,PIK3CA,1,TRUE,TRUE,R1:1;R2:1;R3:1
CRUK0088:7:101918605:G,CRUK0088,CUX1,1,TRUE,TRUE,R1:1;R2:1
CRUK0088:17:7578527:A,CRUK0088,TP53,1,TRUE,TRUE,R1:1;R2:1
CRUK0089:3:178936091:G,CRUK0089,PIK3CA,1,TRUE,TRUE,R2:0.99
CRUK0089:18:48593406:G,CRUK0089,SMAD4,1,TRUE,TRUE,R2:0.99
CRUK0089:19:10602334:C,CRUK0089,KEAP1,1,TRUE,TRUE,R2:0.99
CRUK0090:9:21974685:G,CRUK0090,CDKN2A,1,TRUE,TRUE,R1:1;R2:1
CRUK0090:20:33364096:C,CRUK0090,NCOA6,1,TRUE,TRUE,R1:1;R2:1
CRUK0090:7:101844729:G,CRUK0090,CUX1,1,TRUE,TRUE,R1:1;R2:1
CRUK0090:12:48387627:C,CRUK0090,COL2A1,1,TRUE,TRUE,R1:1;R2:1
CRUK0090:1:115256530:G,CRUK0090,NRAS,1,TRUE,TRUE,R1:1;R2:1
CRUK0091:17:7577046:C,CRUK0091,TP53,1,TRUE,TRUE,R2:1
CRUK0091:19:11132515:G,CRUK0091,SMARCA4,1,TRUE,TRUE,R2:1
CRUK0091:9:21971000:C,CRUK0091,CDKN2A,1,TRUE,TRUE,R2:1
CRUK0092:17:7578524:G,CRUK0092,TP53,1,TRUE,TRUE,R1:1
CRUK0092:18:48604704:G,CRUK0092,SMAD4,1,TRUE,TRUE,R1:1
CRUK0092:5:86681141:A,CRUK0092,RASA1,1,TRUE,TRUE,R1:1
CRUK0092:3:105572324:G,CRUK0092,CBLB,1,TRUE,TRUE,R1:1
CRUK0092:3:178936091:G,CRUK0092,PIK3CA,1,TRUE,TRUE,R1:1
CRUK0093:14:95597932:C,CRUK0093,DICER1,1,TRUE,TRUE,R1:0.96
CRUK0093:9:21971209:T,CRUK0093,CDKN2A,1,TRUE,TRUE,R1:0.94
CRUK0093:12:48380209:C,CRUK0093,COL2A1,1,TRUE,TRUE,R1:0.97
CRUK0093:10:8106040:G,CRUK0093,GATA3,1,TRUE,TRUE,R1:0.96
CRUK0093:19:42793242:G,CRUK0093,CIC,1,TRUE,TRUE,R1:0.97
CRUK0093:2:189962019:C,CRUK0093,COL5A2,1,TRUE,TRUE,R1:0.96
CRUK0093:17:7578469:C,CRUK0093,TP53,1,TRUE,TRUE,R1:0.96
CRUK0094:19:11144123:A,CRUK0094,SMARCA4,1,TRUE,TRUE,R1:0.98;R2:0.98;R3:0.97;R4:0.99
Annotated CN: amp(TERT),CRUK0094,TERT,1,TRUE,TRUE,R1:0.98;R2:0.98;R3:0.97;R4:0.99
CRUK0095:17:7577127:C,CRUK0095,TP53,1,TRUE,TRUE,R1:0.99;R2:0.99;R3:0.98
CRUK0095:17:29679366:C,CRUK0095,NF1,1,TRUE,TRUE,R1:1;R2:0.99;R3:0.98
CRUK0095:5:86629154:G,CRUK0095,RASA1,1,TRUE,TRUE,R1:0.99;R2:0.99;R3:0.98
CRUK0096:12:25398285:C,CRUK0096,KRAS,1,TRUE,TRUE,R1:1;R2:1;R3:1;R4:1;R5:1;R6:1;R7:0.99
CRUK0096:8:8234026:C,CRUK0096,SGK223,1,TRUE,TRUE,R1:1;R2:1;R3:1;R4:1;R5:1;R6:1;R7:0.99
CRUK0096:5:56170952:G,CRUK0096,MAP3K1,1,TRUE,TRUE,R1:1;R2:1;R3:1;R4:1;R5:1;R6:1;R7:0.99
CRUK0097:17:7578239:C,CRUK0097,TP53,1,TRUE,TRUE,R1:1;R2:0.99
CRUK0097:10:89692803:C,CRUK0097,PTEN,1,TRUE,TRUE,R1:0.99;R2:0.97
CRUK0098:17:7576851:A,CRUK0098,TP53,1,TRUE,TRUE,R1:1;R2:1;R3:1
Annotated CN: del(PTEN),CRUK0098,PTEN,1,TRUE,TRUE,R1:1;R2:1;R3:1
CRUK0098:8:103299678:G,CRUK0098,UBR5,3,TRUE,FALSE,R1:0.96;R2:0.91;R3:0
CRUK0099:19:1220487:G,CRUK0099,STK11,1,TRUE,TRUE,R1:0.95;R3:0.97;R6:0.91;R7:1
CRUK0099:19:10610084:A,CRUK0099,KEAP1,1,TRUE,TRUE,R1:0.95;R3:0.97;R6:0.91;R7:1
CRUK0099:17:7574017:C,CRUK0099,TP53,1,TRUE,TRUE,R1:0.95;R3:0.96;R6:0.91;R7:1
CRUK0100:17:7578457:C,CRUK0100,TP53,1,TRUE,TRUE,R1:1;R2:1;R3:1
CRUK0100:4:41750621:T,CRUK0100,PHOX2B,1,TRUE,TRUE,R1:1;R2:1;R3:1
CRUK0100:2:189912961:C,CRUK0100,COL5A2,1,TRUE,TRUE,R1:1;R2:1;R3:1
CRUK0100:19:1207076:T,CRUK0100,STK11,1,TRUE,TRUE,R1:1;R2:1;R3:1
CRUK0100:1:16245532:A,CRUK0100,SPEN,1,TRUE,TRUE,R1:1;R2:1;R3:1
Annotated CN: del(CDKN2A),CRUK0100,CDKN2A,1,TRUE,TRUE,R1:1;R2:1;R3:1
